[
  {
    "nome": "gabriel",
    "email": "gabriel@gmail",
    "telefone": "1231312312",
    "seguro": "carro"
  },
  {
    "nome": "gabrielteste2",
    "email": "gabrielteste2@gmail.com",
    "telefone": "9932139392",
    "seguro": "moto"
  },
  {
    "nome": "gabrielteste2",
    "email": "gabrielteste2@gmail.com",
    "telefone": "9932139392",
    "seguro": "moto"
  },
  {
    "nome": "gabrielteste3",
    "email": "gabrielteste2@gmail.com",
    "telefone": "9ads932139392",
    "seguro": "moto"
  },
  {
    "nome": "gabrielh",
    "email": "gabrielh5@gmail.com",
    "telefone": "1421312312",
    "seguro": "carro"
  },
  {
    "nome": "gabrielteste10",
    "email": "gabrielteste10@gmail.com",
    "telefone": "12312312312",
    "seguro": "moto"
  }
]